id,section,claim,source,how_verified,status
C01,"Hook, Block 1",Feb 2005: a floppy disk sent to a local TV station held a recoverable deleted Word file,https://pinpointlabs.com/btk-killer-dennis-rader-provides-crucial-evidence/ ; https://www.nbcnews.com/news/amp/wbna6988048 ; https://www.cbsnews.com/news/computer-trail-led-to-btk-suspect/,Web search across several outlets,Verified in search summaries. Open the NBC and CBS pieces and confirm wording before publishing.
C02,Block 1,Metadata showed user name 'Dennis' and organization 'Christ Lutheran Church'; church website listed council president Dennis Rader,https://legalclarity.org/how-investigators-caught-the-btk-killer/ ; https://www.forensicscolleges.com/blog/forensics-casefile-btk-strangler,"Web search, two sources agree",Verified in search summaries. Confirm against primary coverage.
C03,Block 1,Arrested that same month (February 2005); hunted for more than thirty years,https://legalclarity.org/how-investigators-caught-the-btk-killer/,Web search,Verified in search summaries.
C04,"Hook, Block 1","Casey Anthony trial, 2011: CacheBack reported 84 visits to a chloroform page; the tool's author found a bug and put the count at one",https://www.nbcnews.com/id/wbna43807133 ; https://www.abajournal.com/news/article/casey_anthony_prosecutors_discrepancies_in_chloroform_word_searches_disclos ; https://belkasoft.com/case_of_casey_anthony,"Web search, multiple outlets",Verified in search summaries. Script takes no position on the verdict. Keep it that way.
C05,Block 1,1995 Simpson trial: a criminalist spent days on the stand; chain-of-custody questioning; a reference blood sample was carried for hours before it was logged,https://en.wikipedia.org/wiki/DNA_evidence_in_the_O._J._Simpson_murder_trial ; https://famous-trials.com/simpson/1873-fungtestimony,Web search,"Verified in search summaries. Wikipedia is a pointer, so check the transcript link on famous-trials.com."
C06,Block 1,"Deleted often means hidden, not gone; metadata can point at a suspect or clear one",General forensic practice,"Standard, widely documented","General statement, hedged with 'often'."
C07,Block 2,No network code in the Community Edition source,"crates/*/Cargo.toml, crates/**/*.rs",Ran grep for reqwest|hyper|TcpStream|UdpSocket|std::net|ureq|curl|tokio|socket: no matches (exit 1). Output saved in demo_outputs.txt,Verified by running it. Scope is the public MIT tree only.
C08,Block 2,"First version: did not build, acquire was a disk wiper, vault demo reused a nonce, custody logging was println",docs/AUDIT.md,Read the file,Verified. It is already public in the repo. Your call whether to put it on camera.
C09,Block 2,Tool reads the source and never writes to it; destructive operations removed,SECURITY.md; crates/arcana-acquire/src/main.rs,Read code: writes only under the --out directory,Verified by code read.
C10,Block 2,Copies files from a folder; not a disk imager,SECURITY.md ('walk an operator-specified directory of regular files'); demo/README.md ('No disk imaging'),Read docs,Verified.
C11,Block 2,"Output line: acquired 5 file(s), skipped 1, ledger events 7, chain_ok=true; symlink skipped",Real run,Built arcana-acquire offline and ran it on 5 synthetic files plus 1 symlink,Verified by running it.
C12,Block 2,Refuses symlinks/special files and paths outside the source folder,"crates/arcana-core/src/lib.rs: reject_special_file, confined_path",Read code; symlink skip seen in the real run,Verified.
C13,Block 2,SHA-256 per file; sealed copy named <sha256>.arcv; AES-256-GCM with random 16-byte salt and random 12-byte nonce per file,crates/arcana-vault/src/lib.rs; main.rs,Read code,Verified.
C14,Block 2,GCM nonce reuse leaks the XOR of plaintexts and can expose the authentication key,"NIST SP 800-38D (IV uniqueness requirement); Joux, 'Authentication Failures in NIST version of GCM' (2006)",Established cryptography result,General fact. Add the two references to the description if you like.
C15,Block 2,One flipped byte in a sealed file: 'authentication failed (wrong passphrase or corrupted vault)',Real run,Flipped last byte of a vault blob and ran verify,Verified by running it.
C16,Block 3,Ledger: SQLite; each line hashes timestamp|operator|action|path|file hash|previous hash with SHA-256; first line points at 64 zeros; operator name on every line,crates/arcana-custody/src/lib.rs,Read code; inspected a real ledger,Verified.
C17,Block 3,"Edit line 4: 'ledger events=3, chain_ok=false, verification failed', exit 1",Real run,Edited path on row 4 without recomputing hashes,Verified by running it.
C18,Block 3,Last ledger line records the manifest's hash,"main.rs: ledger.append(..., 'manifest-write', 'manifest.json', sha256_bytes(manifest_bytes))",Read code; seen in a real ledger,Verified.
C19,Block 4,"Recomputing every hash from line 4 down passes verify (events 7, chain_ok=true, exit 0) while the manifest still lists file4 and the ledger says file9",Real run,"Edited row 4, recomputed rows 4 to 7 with about ten lines of Python, ran verify",Verified by running it. Shows a real gap: verify does not cross-check ledger against manifest.
C20,Block 4,Timestamps come from the machine clock,crates/arcana-core/src/lib.rs: unix_now uses SystemTime::now,Read code,Verified.
C21,Block 4,"Without the passphrase, verify checks the chain only and prints a note",Real run,Ran verify with the variable unset,Verified by running it.
C22,Block 4,OpenTimestamps and RFC 3161 timestamp authorities exist as outside witnesses,https://opentimestamps.org ; RFC 3161,Public standards,General fact. Script does not claim Arcana ships either.
C23,Block 5,"Does not wipe disks, upload evidence, or need a network; a printed ledger line is not an expert opinion; operators own legal authority and consent",SECURITY.md,Read file,Verified.
C24,Block 5,"Key stretching is 100,000 rounds of SHA-256; Argon2id is the planned upgrade","SECURITY.md; crates/arcana-vault/src/lib.rs (STRETCH_ROUNDS, comment)",Read code,Verified. README says Argon2id is in use. It is not. Fix the README before publishing.
C25,Block 5,Passphrase minimum is 12 characters,main.rs; vault lib,Real run: short passphrase rejected,Verified by running it.
C26,Block 5,Community Edition is free and MIT licensed,LICENSE; NOTICE,Read files,Verified. README says 'Closed implementation. Commercial.' That contradicts the license files.
C27,Setup,We make the tool in this video,Disclosure,n/a,Keep on screen and in the description.
